,FIPS,Date,Predicted_Cases,Week
0,36,2020-11-01,3054.34326171875,Week1
1,36,2020-11-02,3117.6474609375,Week1
2,36,2020-11-03,3254.234619140625,Week1
3,36,2020-11-04,3349.499267578125,Week1
4,36,2020-11-05,3427.5576171875,Week1
5,36,2020-11-06,3424.617919921875,Week1
6,36,2020-11-07,3416.157470703125,Week1
7,08,2020-11-01,1842.2896728515625,Week1
8,08,2020-11-02,1806.4873046875,Week1
9,08,2020-11-03,1824.090087890625,Week1
10,08,2020-11-04,1845.8033447265625,Week1
11,08,2020-11-05,1841.9512939453125,Week1
12,08,2020-11-06,1785.83154296875,Week1
13,08,2020-11-07,1712.5943603515625,Week1
14,05,2020-11-01,999.9780883789062,Week1
15,05,2020-11-02,993.8366088867188,Week1
16,05,2020-11-03,1005.6434326171875,Week1
17,05,2020-11-04,1024.2589111328125,Week1
18,05,2020-11-05,1053.58447265625,Week1
19,05,2020-11-06,1069.758544921875,Week1
20,05,2020-11-07,1071.277587890625,Week1
21,09,2020-11-01,790.7490844726562,Week1
22,09,2020-11-02,816.5759887695312,Week1
23,09,2020-11-03,836.5494384765625,Week1
24,09,2020-11-04,843.8511352539062,Week1
25,09,2020-11-05,844.9152221679688,Week1
26,09,2020-11-06,853.5685424804688,Week1
27,09,2020-11-07,887.18212890625,Week1
28,01,2020-11-01,1300.4095458984375,Week1
29,01,2020-11-02,1268.17919921875,Week1
30,01,2020-11-03,1250.19091796875,Week1
31,01,2020-11-04,1234.7904052734375,Week1
32,01,2020-11-05,1231.427001953125,Week1
33,01,2020-11-06,1261.77685546875,Week1
34,01,2020-11-07,1227.8485107421875,Week1
35,22,2020-11-01,684.1531372070312,Week1
36,22,2020-11-02,704.7042236328125,Week1
37,22,2020-11-03,720.0584716796875,Week1
38,22,2020-11-04,737.9397583007812,Week1
39,22,2020-11-05,769.3796997070312,Week1
40,22,2020-11-06,798.1550903320312,Week1
41,22,2020-11-07,812.1787109375,Week1
42,10,2020-11-01,156.7783660888672,Week1
43,10,2020-11-02,155.77166748046875,Week1
44,10,2020-11-03,158.2652130126953,Week1
45,10,2020-11-04,159.73548889160156,Week1
46,10,2020-11-05,159.4481201171875,Week1
47,10,2020-11-06,160.80262756347656,Week1
48,10,2020-11-07,162.9190673828125,Week1
49,19,2020-11-01,1907.8604736328125,Week1
50,19,2020-11-02,1898.7664794921875,Week1
51,19,2020-11-03,1935.8839111328125,Week1
52,19,2020-11-04,1965.217529296875,Week1
53,19,2020-11-05,1970.35205078125,Week1
54,19,2020-11-06,1934.7672119140625,Week1
55,19,2020-11-07,1903.7022705078125,Week1
56,27,2020-11-01,2302.68798828125,Week1
57,27,2020-11-02,2315.937744140625,Week1
58,27,2020-11-03,2341.5986328125,Week1
59,27,2020-11-04,2317.779541015625,Week1
60,27,2020-11-05,2273.1953125,Week1
61,27,2020-11-06,2234.771484375,Week1
62,27,2020-11-07,2248.433837890625,Week1
63,37,2020-11-01,2384.553466796875,Week1
64,37,2020-11-02,2394.75146484375,Week1
65,37,2020-11-03,2416.12451171875,Week1
66,37,2020-11-04,2410.1787109375,Week1
67,37,2020-11-05,2378.34033203125,Week1
68,37,2020-11-06,2359.581298828125,Week1
69,37,2020-11-07,2389.41015625,Week1
70,44,2020-11-01,346.5387268066406,Week1
71,44,2020-11-02,357.4918212890625,Week1
72,44,2020-11-03,353.8172302246094,Week1
73,44,2020-11-04,335.9969482421875,Week1
74,44,2020-11-05,329.52532958984375,Week1
75,44,2020-11-06,359.41162109375,Week1
76,44,2020-11-07,384.0792236328125,Week1
77,16,2020-11-01,845.1412963867188,Week1
78,16,2020-11-02,870.6389770507812,Week1
79,16,2020-11-03,895.2227783203125,Week1
80,16,2020-11-04,921.9033813476562,Week1
81,16,2020-11-05,929.3546142578125,Week1
82,16,2020-11-06,948.1298828125,Week1
83,16,2020-11-07,992.1058959960938,Week1
84,34,2020-11-01,1648.6370849609375,Week1
85,34,2020-11-02,1704.35986328125,Week1
86,34,2020-11-03,1762.2066650390625,Week1
87,34,2020-11-04,1806.507080078125,Week1
88,34,2020-11-05,1812.3548583984375,Week1
89,34,2020-11-06,1800.68212890625,Week1
90,34,2020-11-07,1848.2579345703125,Week1
91,06,2020-11-01,5217.08837890625,Week1
92,06,2020-11-02,5274.90771484375,Week1
93,06,2020-11-03,5587.15283203125,Week1
94,06,2020-11-04,5847.0478515625,Week1
95,06,2020-11-05,5961.68505859375,Week1
96,06,2020-11-06,6160.71728515625,Week1
97,06,2020-11-07,6393.76904296875,Week1
98,35,2020-11-01,721.0540161132812,Week1
99,35,2020-11-02,700.5919799804688,Week1
100,35,2020-11-03,707.1171875,Week1
101,35,2020-11-04,696.4805297851562,Week1
102,35,2020-11-05,681.1109619140625,Week1
103,35,2020-11-06,657.40869140625,Week1
104,35,2020-11-07,676.0703125,Week1
105,41,2020-11-01,530.3818969726562,Week1
106,41,2020-11-02,535.9686889648438,Week1
107,41,2020-11-03,547.9823608398438,Week1
108,41,2020-11-04,549.081298828125,Week1
109,41,2020-11-05,551.4677124023438,Week1
110,41,2020-11-06,558.7759399414062,Week1
111,41,2020-11-07,555.3610229492188,Week1
112,47,2020-11-01,2396.4755859375,Week1
113,47,2020-11-02,2339.08837890625,Week1
114,47,2020-11-03,2318.950927734375,Week1
115,47,2020-11-04,2265.346435546875,Week1
116,47,2020-11-05,2187.8046875,Week1
117,47,2020-11-06,2159.366943359375,Week1
118,47,2020-11-07,2176.9814453125,Week1
119,48,2020-11-01,6161.087890625,Week1
120,48,2020-11-02,5939.11572265625,Week1
121,48,2020-11-03,5859.3984375,Week1
122,48,2020-11-04,5711.27001953125,Week1
123,48,2020-11-05,5499.06005859375,Week1
124,48,2020-11-06,5267.47265625,Week1
125,48,2020-11-07,5169.74658203125,Week1
126,50,2020-11-01,32.5716667175293,Week1
127,50,2020-11-02,32.074703216552734,Week1
128,50,2020-11-03,35.919151306152344,Week1
129,50,2020-11-04,37.38390350341797,Week1
130,50,2020-11-05,38.98348617553711,Week1
131,50,2020-11-06,39.48771286010742,Week1
132,50,2020-11-07,38.0299186706543,Week1
133,40,2020-11-01,1016.9866943359375,Week1
134,40,2020-11-02,1008.4471435546875,Week1
135,40,2020-11-03,1030.876708984375,Week1
136,40,2020-11-04,1060.48828125,Week1
137,40,2020-11-05,1088.194580078125,Week1
138,40,2020-11-06,1087.1212158203125,Week1
139,40,2020-11-07,1101.7685546875,Week1
140,51,2020-11-01,1404.7806396484375,Week1
141,51,2020-11-02,1429.052734375,Week1
142,51,2020-11-03,1460.8189697265625,Week1
143,51,2020-11-04,1490.8841552734375,Week1
144,51,2020-11-05,1504.1121826171875,Week1
145,51,2020-11-06,1499.1414794921875,Week1
146,51,2020-11-07,1479.1656494140625,Week1
147,55,2020-11-01,5073.9208984375,Week1
148,55,2020-11-02,5039.6845703125,Week1
149,55,2020-11-03,5222.2548828125,Week1
150,55,2020-11-04,5433.9326171875,Week1
151,55,2020-11-05,5361.375,Week1
152,55,2020-11-06,5189.0791015625,Week1
153,55,2020-11-07,5535.16845703125,Week1
154,25,2020-11-01,1397.9932861328125,Week1
155,25,2020-11-02,1444.6044921875,Week1
156,25,2020-11-03,1506.6121826171875,Week1
157,25,2020-11-04,1556.04833984375,Week1
158,25,2020-11-05,1582.1575927734375,Week1
159,25,2020-11-06,1588.77294921875,Week1
160,25,2020-11-07,1606.51806640625,Week1
161,29,2020-11-01,2000.593994140625,Week1
162,29,2020-11-02,1962.166259765625,Week1
163,29,2020-11-03,1968.94189453125,Week1
164,29,2020-11-04,1998.317138671875,Week1
165,29,2020-11-05,2001.006103515625,Week1
166,29,2020-11-06,1940.848876953125,Week1
167,29,2020-11-07,1910.6705322265625,Week1
168,53,2020-11-01,874.1580200195312,Week1
169,53,2020-11-02,881.6254272460938,Week1
170,53,2020-11-03,911.1846313476562,Week1
171,53,2020-11-04,944.4522705078125,Week1
172,53,2020-11-05,963.962158203125,Week1
173,53,2020-11-06,948.9993286132812,Week1
174,53,2020-11-07,931.4658813476562,Week1
175,38,2020-11-01,916.0239868164062,Week1
176,38,2020-11-02,894.54736328125,Week1
177,38,2020-11-03,892.8080444335938,Week1
178,38,2020-11-04,894.0587768554688,Week1
179,38,2020-11-05,874.8519897460938,Week1
180,38,2020-11-06,871.7186889648438,Week1
181,38,2020-11-07,936.1614990234375,Week1
182,17,2020-11-01,6035.88525390625,Week1
183,17,2020-11-02,5988.767578125,Week1
184,17,2020-11-03,6083.42041015625,Week1
185,17,2020-11-04,6135.7607421875,Week1
186,17,2020-11-05,6055.68994140625,Week1
187,17,2020-11-06,5941.46826171875,Week1
188,17,2020-11-07,6023.068359375,Week1
189,32,2020-11-01,812.5050659179688,Week1
190,32,2020-11-02,806.0054931640625,Week1
191,32,2020-11-03,812.647705078125,Week1
192,32,2020-11-04,813.559814453125,Week1
193,32,2020-11-05,800.410888671875,Week1
194,32,2020-11-06,766.2564086914062,Week1
195,32,2020-11-07,773.3889770507812,Week1
196,42,2020-11-01,2295.53125,Week1
197,42,2020-11-02,2331.883056640625,Week1
198,42,2020-11-03,2375.416748046875,Week1
199,42,2020-11-04,2404.1953125,Week1
200,42,2020-11-05,2417.0810546875,Week1
201,42,2020-11-06,2433.72802734375,Week1
202,42,2020-11-07,2413.71826171875,Week1
203,26,2020-11-01,3158.97412109375,Week1
204,26,2020-11-02,3230.768310546875,Week1
205,26,2020-11-03,3294.072509765625,Week1
206,26,2020-11-04,3320.98193359375,Week1
207,26,2020-11-05,3301.29296875,Week1
208,26,2020-11-06,3297.168701171875,Week1
209,26,2020-11-07,3327.71630859375,Week1
210,30,2020-11-01,829.9656372070312,Week1
211,30,2020-11-02,843.3972778320312,Week1
212,30,2020-11-03,870.7989501953125,Week1
213,30,2020-11-04,901.3848876953125,Week1
214,30,2020-11-05,943.5667724609375,Week1
215,30,2020-11-06,976.3515625,Week1
216,30,2020-11-07,1004.1934814453125,Week1
217,21,2020-11-01,1592.0643310546875,Week1
218,21,2020-11-02,1559.1636962890625,Week1
219,21,2020-11-03,1561.7177734375,Week1
220,21,2020-11-04,1554.0738525390625,Week1
221,21,2020-11-05,1536.6051025390625,Week1
222,21,2020-11-06,1511.3642578125,Week1
223,21,2020-11-07,1498.3446044921875,Week1
224,54,2020-11-01,445.79571533203125,Week1
225,54,2020-11-02,459.7134094238281,Week1
226,54,2020-11-03,472.43096923828125,Week1
227,54,2020-11-04,480.412109375,Week1
228,54,2020-11-05,494.1332702636719,Week1
229,54,2020-11-06,506.6349792480469,Week1
230,54,2020-11-07,516.6810913085938,Week1
231,04,2020-11-01,1414.0924072265625,Week1
232,04,2020-11-02,1432.835205078125,Week1
233,04,2020-11-03,1475.8203125,Week1
234,04,2020-11-04,1520.355712890625,Week1
235,04,2020-11-05,1544.0069580078125,Week1
236,04,2020-11-06,1535.607421875,Week1
237,04,2020-11-07,1491.0087890625,Week1
238,11,2020-11-01,77.62220764160156,Week1
239,11,2020-11-02,77.992431640625,Week1
240,11,2020-11-03,78.6942367553711,Week1
241,11,2020-11-04,76.75226593017578,Week1
242,11,2020-11-05,74.52559661865234,Week1
243,11,2020-11-06,71.47803497314453,Week1
244,11,2020-11-07,63.034854888916016,Week1
245,23,2020-11-01,124.41429901123047,Week1
246,23,2020-11-02,130.65194702148438,Week1
247,23,2020-11-03,139.69534301757812,Week1
248,23,2020-11-04,144.8896026611328,Week1
249,23,2020-11-05,151.98370361328125,Week1
250,23,2020-11-06,157.86004638671875,Week1
251,23,2020-11-07,162.36471557617188,Week1
252,33,2020-11-01,164.1165771484375,Week1
253,33,2020-11-02,173.79042053222656,Week1
254,33,2020-11-03,183.0106658935547,Week1
255,33,2020-11-04,189.72789001464844,Week1
256,33,2020-11-05,198.72328186035156,Week1
257,33,2020-11-06,208.065673828125,Week1
258,33,2020-11-07,212.522705078125,Week1
259,56,2020-11-01,394.4618835449219,Week1
260,56,2020-11-02,401.18109130859375,Week1
261,56,2020-11-03,411.73834228515625,Week1
262,56,2020-11-04,419.0785217285156,Week1
263,56,2020-11-05,434.84271240234375,Week1
264,56,2020-11-06,451.90576171875,Week1
265,56,2020-11-07,484.7174072265625,Week1
266,02,2020-11-01,431.789794921875,Week1
267,02,2020-11-02,438.0691223144531,Week1
268,02,2020-11-03,449.99932861328125,Week1
269,02,2020-11-04,464.57745361328125,Week1
270,02,2020-11-05,489.9796142578125,Week1
271,02,2020-11-06,514.7169189453125,Week1
272,02,2020-11-07,570.3919677734375,Week1
273,28,2020-11-01,774.4722290039062,Week1
274,28,2020-11-02,778.4700927734375,Week1
275,28,2020-11-03,777.054931640625,Week1
276,28,2020-11-04,775.1026611328125,Week1
277,28,2020-11-05,781.753662109375,Week1
278,28,2020-11-06,797.696533203125,Week1
279,28,2020-11-07,833.3253784179688,Week1
280,24,2020-11-01,906.2610473632812,Week1
281,24,2020-11-02,918.7319946289062,Week1
282,24,2020-11-03,940.7742919921875,Week1
283,24,2020-11-04,959.6705322265625,Week1
284,24,2020-11-05,969.3206176757812,Week1
285,24,2020-11-06,975.23583984375,Week1
286,24,2020-11-07,982.9190673828125,Week1
287,46,2020-11-01,1033.3802490234375,Week1
288,46,2020-11-02,1009.0487060546875,Week1
289,46,2020-11-03,1004.497314453125,Week1
290,46,2020-11-04,1007.87548828125,Week1
291,46,2020-11-05,996.4346923828125,Week1
292,46,2020-11-06,1010.6451416015625,Week1
293,46,2020-11-07,1065.1978759765625,Week1
294,18,2020-11-01,2648.054931640625,Week1
295,18,2020-11-02,2625.60302734375,Week1
296,18,2020-11-03,2624.587890625,Week1
297,18,2020-11-04,2580.6982421875,Week1
298,18,2020-11-05,2518.1708984375,Week1
299,18,2020-11-06,2488.886474609375,Week1
300,18,2020-11-07,2481.219482421875,Week1
301,13,2020-11-01,1732.5821533203125,Week1
302,13,2020-11-02,1758.0,Week1
303,13,2020-11-03,1787.84521484375,Week1
304,13,2020-11-04,1822.0439453125,Week1
305,13,2020-11-05,1864.055419921875,Week1
306,13,2020-11-06,1899.2366943359375,Week1
307,13,2020-11-07,1883.7633056640625,Week1
308,39,2020-11-01,2977.013671875,Week1
309,39,2020-11-02,3062.167236328125,Week1
310,39,2020-11-03,3153.754150390625,Week1
311,39,2020-11-04,3212.4716796875,Week1
312,39,2020-11-05,3194.044921875,Week1
313,39,2020-11-06,3167.559326171875,Week1
314,39,2020-11-07,3189.76318359375,Week1
315,49,2020-11-01,1271.9193115234375,Week1
316,49,2020-11-02,1263.6300048828125,Week1
317,49,2020-11-03,1300.4532470703125,Week1
318,49,2020-11-04,1311.9005126953125,Week1
319,49,2020-11-05,1302.5460205078125,Week1
320,49,2020-11-06,1267.6854248046875,Week1
321,49,2020-11-07,1266.80419921875,Week1
322,31,2020-11-01,1127.13916015625,Week1
323,31,2020-11-02,1156.52587890625,Week1
324,31,2020-11-03,1178.983154296875,Week1
325,31,2020-11-04,1180.3563232421875,Week1
326,31,2020-11-05,1193.4732666015625,Week1
327,31,2020-11-06,1219.3875732421875,Week1
328,31,2020-11-07,1249.8115234375,Week1
329,45,2020-11-01,1084.7939453125,Week1
330,45,2020-11-02,1077.153564453125,Week1
331,45,2020-11-03,1076.860595703125,Week1
332,45,2020-11-04,1078.38134765625,Week1
333,45,2020-11-05,1091.58056640625,Week1
334,45,2020-11-06,1105.589599609375,Week1
335,45,2020-11-07,1094.55712890625,Week1
336,12,2020-11-01,4324.8837890625,Week1
337,12,2020-11-02,4510.55908203125,Week1
338,12,2020-11-03,4581.80078125,Week1
339,12,2020-11-04,4649.5595703125,Week1
340,12,2020-11-05,4699.982421875,Week1
341,12,2020-11-06,4881.43115234375,Week1
342,12,2020-11-07,5066.853515625,Week1
343,15,2020-11-01,86.52820587158203,Week1
344,15,2020-11-02,84.8342514038086,Week1
345,15,2020-11-03,83.84678649902344,Week1
346,15,2020-11-04,84.30388641357422,Week1
347,15,2020-11-05,87.36177825927734,Week1
348,15,2020-11-06,89.2182846069336,Week1
349,15,2020-11-07,88.9814682006836,Week1
350,20,2020-11-01,1153.8720703125,Week1
351,20,2020-11-02,1121.880615234375,Week1
352,20,2020-11-03,1084.210205078125,Week1
353,20,2020-11-04,1026.0411376953125,Week1
354,20,2020-11-05,991.2341918945312,Week1
355,20,2020-11-06,996.3934936523438,Week1
356,20,2020-11-07,1023.321044921875,Week1
357,36,2020-11-08,4601.39013671875,Week2
358,36,2020-11-09,4494.65869140625,Week2
359,36,2020-11-10,4614.71337890625,Week2
360,36,2020-11-11,4754.73291015625,Week2
361,36,2020-11-12,4901.83837890625,Week2
362,36,2020-11-13,4865.2587890625,Week2
363,36,2020-11-14,4875.921875,Week2
364,08,2020-11-08,1686.2532958984375,Week2
365,08,2020-11-09,1649.401611328125,Week2
366,08,2020-11-10,1662.91162109375,Week2
367,08,2020-11-11,1640.60791015625,Week2
368,08,2020-11-12,1601.11279296875,Week2
369,08,2020-11-13,1573.350341796875,Week2
370,08,2020-11-14,1589.9818115234375,Week2
371,05,2020-11-08,1155.16064453125,Week2
372,05,2020-11-09,1131.9407958984375,Week2
373,05,2020-11-10,1147.5577392578125,Week2
374,05,2020-11-11,1175.7852783203125,Week2
375,05,2020-11-12,1224.7232666015625,Week2
376,05,2020-11-13,1246.0218505859375,Week2
377,05,2020-11-14,1260.0340576171875,Week2
378,09,2020-11-08,997.8883056640625,Week2
379,09,2020-11-09,1000.8936767578125,Week2
380,09,2020-11-10,1034.2603759765625,Week2
381,09,2020-11-11,1071.095703125,Week2
382,09,2020-11-12,1111.5059814453125,Week2
383,09,2020-11-13,1136.529052734375,Week2
384,09,2020-11-14,1145.305908203125,Week2
385,01,2020-11-08,1261.175048828125,Week2
386,01,2020-11-09,1258.793701171875,Week2
387,01,2020-11-10,1279.826171875,Week2
388,01,2020-11-11,1294.9119873046875,Week2
389,01,2020-11-12,1310.9541015625,Week2
390,01,2020-11-13,1313.844970703125,Week2
391,01,2020-11-14,1324.226806640625,Week2
392,22,2020-11-08,933.1531982421875,Week2
393,22,2020-11-09,928.9122314453125,Week2
394,22,2020-11-10,942.541259765625,Week2
395,22,2020-11-11,979.8284301757812,Week2
396,22,2020-11-12,1034.3148193359375,Week2
397,22,2020-11-13,1057.9783935546875,Week2
398,22,2020-11-14,1066.4571533203125,Week2
399,10,2020-11-08,186.5657958984375,Week2
400,10,2020-11-09,183.51722717285156,Week2
401,10,2020-11-10,189.4337921142578,Week2
402,10,2020-11-11,192.55726623535156,Week2
403,10,2020-11-12,198.0433807373047,Week2
404,10,2020-11-13,203.1182403564453,Week2
405,10,2020-11-14,208.76097106933594,Week2
406,19,2020-11-08,2210.04541015625,Week2
407,19,2020-11-09,2165.397216796875,Week2
408,19,2020-11-10,2194.619384765625,Week2
409,19,2020-11-11,2237.00146484375,Week2
410,19,2020-11-12,2262.22509765625,Week2
411,19,2020-11-13,2278.98828125,Week2
412,19,2020-11-14,2388.1416015625,Week2
413,27,2020-11-08,2334.90673828125,Week2
414,27,2020-11-09,2285.922607421875,Week2
415,27,2020-11-10,2294.474609375,Week2
416,27,2020-11-11,2299.340087890625,Week2
417,27,2020-11-12,2290.034912109375,Week2
418,27,2020-11-13,2287.75,Week2
419,27,2020-11-14,2335.890625,Week2
420,37,2020-11-08,2347.565673828125,Week2
421,37,2020-11-09,2335.09033203125,Week2
422,37,2020-11-10,2344.60888671875,Week2
423,37,2020-11-11,2343.208984375,Week2
424,37,2020-11-12,2334.028076171875,Week2
425,37,2020-11-13,2346.39404296875,Week2
426,37,2020-11-14,2338.63232421875,Week2
427,44,2020-11-08,455.6151428222656,Week2
428,44,2020-11-09,457.719970703125,Week2
429,44,2020-11-10,476.2562561035156,Week2
430,44,2020-11-11,494.3577880859375,Week2
431,44,2020-11-12,520.3965454101562,Week2
432,44,2020-11-13,534.6530151367188,Week2
433,44,2020-11-14,553.17431640625,Week2
434,16,2020-11-08,1089.4962158203125,Week2
435,16,2020-11-09,1047.558349609375,Week2
436,16,2020-11-10,1060.513916015625,Week2
437,16,2020-11-11,1055.779541015625,Week2
438,16,2020-11-12,1074.8255615234375,Week2
439,16,2020-11-13,1099.803466796875,Week2
440,16,2020-11-14,1155.1124267578125,Week2
441,34,2020-11-08,1970.614501953125,Week2
442,34,2020-11-09,1999.10498046875,Week2
443,34,2020-11-10,2055.238525390625,Week2
444,34,2020-11-11,2116.130615234375,Week2
445,34,2020-11-12,2159.264892578125,Week2
446,34,2020-11-13,2195.006103515625,Week2
447,34,2020-11-14,2205.31103515625,Week2
448,06,2020-11-08,8407.15234375,Week2
449,06,2020-11-09,8544.51171875,Week2
450,06,2020-11-10,8977.24609375,Week2
451,06,2020-11-11,9110.69140625,Week2
452,06,2020-11-12,9076.1337890625,Week2
453,06,2020-11-13,9050.9091796875,Week2
454,06,2020-11-14,9207.65625,Week2
455,35,2020-11-08,696.1222534179688,Week2
456,35,2020-11-09,678.7138061523438,Week2
457,35,2020-11-10,689.210205078125,Week2
458,35,2020-11-11,692.029052734375,Week2
459,35,2020-11-12,695.9306030273438,Week2
460,35,2020-11-13,707.6812744140625,Week2
461,35,2020-11-14,703.9425659179688,Week2
462,41,2020-11-08,630.600341796875,Week2
463,41,2020-11-09,615.6534423828125,Week2
464,41,2020-11-10,623.7496948242188,Week2
465,41,2020-11-11,637.6541137695312,Week2
466,41,2020-11-12,662.835205078125,Week2
467,41,2020-11-13,672.0308837890625,Week2
468,41,2020-11-14,670.6270141601562,Week2
469,47,2020-11-08,2133.100830078125,Week2
470,47,2020-11-09,2090.7734375,Week2
471,47,2020-11-10,2106.93017578125,Week2
472,47,2020-11-11,2145.545654296875,Week2
473,47,2020-11-12,2162.376953125,Week2
474,47,2020-11-13,2177.007080078125,Week2
475,47,2020-11-14,2178.659912109375,Week2
476,48,2020-11-08,4643.6806640625,Week2
477,48,2020-11-09,4893.05615234375,Week2
478,48,2020-11-10,4949.494140625,Week2
479,48,2020-11-11,4728.5439453125,Week2
480,48,2020-11-12,4480.8095703125,Week2
481,48,2020-11-13,4460.08935546875,Week2
482,48,2020-11-14,4542.51611328125,Week2
483,50,2020-11-08,34.69538497924805,Week2
484,50,2020-11-09,35.454444885253906,Week2
485,50,2020-11-10,40.93405532836914,Week2
486,50,2020-11-11,48.36636734008789,Week2
487,50,2020-11-12,53.0189208984375,Week2
488,50,2020-11-13,57.24167251586914,Week2
489,50,2020-11-14,56.80427932739258,Week2
490,40,2020-11-08,1147.766357421875,Week2
491,40,2020-11-09,1129.9327392578125,Week2
492,40,2020-11-10,1145.3828125,Week2
493,40,2020-11-11,1175.1163330078125,Week2
494,40,2020-11-12,1223.825927734375,Week2
495,40,2020-11-13,1239.2515869140625,Week2
496,40,2020-11-14,1234.02197265625,Week2
497,51,2020-11-08,1539.5531005859375,Week2
498,51,2020-11-09,1531.4251708984375,Week2
499,51,2020-11-10,1545.96044921875,Week2
500,51,2020-11-11,1573.2955322265625,Week2
501,51,2020-11-12,1595.14599609375,Week2
502,51,2020-11-13,1596.1817626953125,Week2
503,51,2020-11-14,1603.510009765625,Week2
504,55,2020-11-08,5763.3115234375,Week2
505,55,2020-11-09,5758.14892578125,Week2
506,55,2020-11-10,5832.990234375,Week2
507,55,2020-11-11,5646.51513671875,Week2
508,55,2020-11-12,5272.4814453125,Week2
509,55,2020-11-13,5180.56689453125,Week2
510,55,2020-11-14,5803.38525390625,Week2
511,25,2020-11-08,1794.684326171875,Week2
512,25,2020-11-09,1801.8970947265625,Week2
513,25,2020-11-10,1860.8480224609375,Week2
514,25,2020-11-11,1930.9832763671875,Week2
515,25,2020-11-12,1989.3868408203125,Week2
516,25,2020-11-13,2018.5504150390625,Week2
517,25,2020-11-14,2039.622314453125,Week2
518,29,2020-11-08,1874.56201171875,Week2
519,29,2020-11-09,1840.59228515625,Week2
520,29,2020-11-10,1852.7093505859375,Week2
521,29,2020-11-11,1854.0067138671875,Week2
522,29,2020-11-12,1842.495849609375,Week2
523,29,2020-11-13,1834.591796875,Week2
524,29,2020-11-14,1828.288818359375,Week2
525,53,2020-11-08,1008.9247436523438,Week2
526,53,2020-11-09,995.9783935546875,Week2
527,53,2020-11-10,1012.6893920898438,Week2
528,53,2020-11-11,1043.3409423828125,Week2
529,53,2020-11-12,1070.2410888671875,Week2
530,53,2020-11-13,1071.8436279296875,Week2
531,53,2020-11-14,1066.9207763671875,Week2
532,38,2020-11-08,936.5549926757812,Week2
533,38,2020-11-09,856.5946044921875,Week2
534,38,2020-11-10,831.58740234375,Week2
535,38,2020-11-11,796.8810424804688,Week2
536,38,2020-11-12,793.9534301757812,Week2
537,38,2020-11-13,780.6119384765625,Week2
538,38,2020-11-14,828.0321655273438,Week2
539,17,2020-11-08,6326.7353515625,Week2
540,17,2020-11-09,6260.982421875,Week2
541,17,2020-11-10,6206.0517578125,Week2
542,17,2020-11-11,6188.4140625,Week2
543,17,2020-11-12,6037.06201171875,Week2
544,17,2020-11-13,6084.279296875,Week2
545,17,2020-11-14,6365.7314453125,Week2
546,32,2020-11-08,822.08203125,Week2
547,32,2020-11-09,796.6221313476562,Week2
548,32,2020-11-10,797.4657592773438,Week2
549,32,2020-11-11,795.83056640625,Week2
550,32,2020-11-12,806.174072265625,Week2
551,32,2020-11-13,800.9102172851562,Week2
552,32,2020-11-14,784.7567138671875,Week2
553,42,2020-11-08,2363.25146484375,Week2
554,42,2020-11-09,2391.4072265625,Week2
555,42,2020-11-10,2422.03857421875,Week2
556,42,2020-11-11,2439.097412109375,Week2
557,42,2020-11-12,2430.29052734375,Week2
558,42,2020-11-13,2438.48828125,Week2
559,42,2020-11-14,2447.103271484375,Week2
560,26,2020-11-08,3469.066162109375,Week2
561,26,2020-11-09,3479.325927734375,Week2
562,26,2020-11-10,3509.6015625,Week2
563,26,2020-11-11,3553.017333984375,Week2
564,26,2020-11-12,3585.44921875,Week2
565,26,2020-11-13,3657.69580078125,Week2
566,26,2020-11-14,3733.851806640625,Week2
567,30,2020-11-08,1096.7667236328125,Week2
568,30,2020-11-09,1075.2830810546875,Week2
569,30,2020-11-10,1101.163330078125,Week2
570,30,2020-11-11,1127.42626953125,Week2
571,30,2020-11-12,1167.3265380859375,Week2
572,30,2020-11-13,1179.3572998046875,Week2
573,30,2020-11-14,1204.7247314453125,Week2
574,21,2020-11-08,1552.968505859375,Week2
575,21,2020-11-09,1521.122802734375,Week2
576,21,2020-11-10,1540.189453125,Week2
577,21,2020-11-11,1562.1866455078125,Week2
578,21,2020-11-12,1579.1419677734375,Week2
579,21,2020-11-13,1588.5079345703125,Week2
580,21,2020-11-14,1607.6854248046875,Week2
581,54,2020-11-08,591.1420288085938,Week2
582,54,2020-11-09,591.6674194335938,Week2
583,54,2020-11-10,606.7186279296875,Week2
584,54,2020-11-11,621.16552734375,Week2
585,54,2020-11-12,652.9254150390625,Week2
586,54,2020-11-13,677.617919921875,Week2
587,54,2020-11-14,695.8231201171875,Week2
588,04,2020-11-08,1567.744873046875,Week2
589,04,2020-11-09,1559.55126953125,Week2
590,04,2020-11-10,1576.2271728515625,Week2
591,04,2020-11-11,1593.7686767578125,Week2
592,04,2020-11-12,1610.5711669921875,Week2
593,04,2020-11-13,1616.866455078125,Week2
594,04,2020-11-14,1639.17529296875,Week2
595,11,2020-11-08,63.53920364379883,Week2
596,11,2020-11-09,60.78009033203125,Week2
597,11,2020-11-10,61.358123779296875,Week2
598,11,2020-11-11,62.5394287109375,Week2
599,11,2020-11-12,63.706787109375,Week2
600,11,2020-11-13,59.83876419067383,Week2
601,11,2020-11-14,54.88773727416992,Week2
602,23,2020-11-08,195.1492462158203,Week2
603,23,2020-11-09,194.2591094970703,Week2
604,23,2020-11-10,203.2250213623047,Week2
605,23,2020-11-11,210.15309143066406,Week2
606,23,2020-11-12,223.26150512695312,Week2
607,23,2020-11-13,234.46694946289062,Week2
608,23,2020-11-14,240.63270568847656,Week2
609,33,2020-11-08,247.6127471923828,Week2
610,33,2020-11-09,247.60702514648438,Week2
611,33,2020-11-10,257.3421936035156,Week2
612,33,2020-11-11,267.7124328613281,Week2
613,33,2020-11-12,282.5580139160156,Week2
614,33,2020-11-13,291.63311767578125,Week2
615,33,2020-11-14,300.5138854980469,Week2
616,56,2020-11-08,526.5267944335938,Week2
617,56,2020-11-09,512.8890380859375,Week2
618,56,2020-11-10,515.0230102539062,Week2
619,56,2020-11-11,521.7639770507812,Week2
620,56,2020-11-12,528.2094116210938,Week2
621,56,2020-11-13,532.9174194335938,Week2
622,56,2020-11-14,547.2068481445312,Week2
623,02,2020-11-08,658.4249267578125,Week2
624,02,2020-11-09,645.0631713867188,Week2
625,02,2020-11-10,658.2001953125,Week2
626,02,2020-11-11,654.1829833984375,Week2
627,02,2020-11-12,667.4155883789062,Week2
628,02,2020-11-13,684.8953247070312,Week2
629,02,2020-11-14,737.63623046875,Week2
630,28,2020-11-08,884.2720947265625,Week2
631,28,2020-11-09,867.894775390625,Week2
632,28,2020-11-10,875.71044921875,Week2
633,28,2020-11-11,897.332275390625,Week2
634,28,2020-11-12,933.171875,Week2
635,28,2020-11-13,948.5780639648438,Week2
636,28,2020-11-14,943.283447265625,Week2
637,24,2020-11-08,1077.5335693359375,Week2
638,24,2020-11-09,1070.552978515625,Week2
639,24,2020-11-10,1097.468017578125,Week2
640,24,2020-11-11,1128.892578125,Week2
641,24,2020-11-12,1155.8446044921875,Week2
642,24,2020-11-13,1167.5269775390625,Week2
643,24,2020-11-14,1176.7742919921875,Week2
644,46,2020-11-08,1072.844970703125,Week2
645,46,2020-11-09,993.1596069335938,Week2
646,46,2020-11-10,963.7616577148438,Week2
647,46,2020-11-11,924.7218017578125,Week2
648,46,2020-11-12,914.1156005859375,Week2
649,46,2020-11-13,906.6372680664062,Week2
650,46,2020-11-14,974.968505859375,Week2
651,18,2020-11-08,2456.972412109375,Week2
652,18,2020-11-09,2395.30712890625,Week2
653,18,2020-11-10,2385.5068359375,Week2
654,18,2020-11-11,2375.248291015625,Week2
655,18,2020-11-12,2346.49365234375,Week2
656,18,2020-11-13,2342.361572265625,Week2
657,18,2020-11-14,2369.99658203125,Week2
658,13,2020-11-08,1986.68505859375,Week2
659,13,2020-11-09,2003.268310546875,Week2
660,13,2020-11-10,2030.37060546875,Week2
661,13,2020-11-11,2076.198974609375,Week2
662,13,2020-11-12,2113.155517578125,Week2
663,13,2020-11-13,2114.49853515625,Week2
664,13,2020-11-14,2129.658935546875,Week2
665,39,2020-11-08,3214.7529296875,Week2
666,39,2020-11-09,3260.40185546875,Week2
667,39,2020-11-10,3307.9140625,Week2
668,39,2020-11-11,3346.659912109375,Week2
669,39,2020-11-12,3354.276123046875,Week2
670,39,2020-11-13,3422.08544921875,Week2
671,39,2020-11-14,3477.826904296875,Week2
672,49,2020-11-08,1253.9281005859375,Week2
673,49,2020-11-09,1208.334228515625,Week2
674,49,2020-11-10,1249.237060546875,Week2
675,49,2020-11-11,1268.1973876953125,Week2
676,49,2020-11-12,1250.819091796875,Week2
677,49,2020-11-13,1199.5909423828125,Week2
678,49,2020-11-14,1184.3719482421875,Week2
679,31,2020-11-08,1457.0191650390625,Week2
680,31,2020-11-09,1425.5604248046875,Week2
681,31,2020-11-10,1444.6302490234375,Week2
682,31,2020-11-11,1484.60693359375,Week2
683,31,2020-11-12,1541.193115234375,Week2
684,31,2020-11-13,1579.2591552734375,Week2
685,31,2020-11-14,1625.938232421875,Week2
686,45,2020-11-08,1143.7510986328125,Week2
687,45,2020-11-09,1120.7777099609375,Week2
688,45,2020-11-10,1123.77294921875,Week2
689,45,2020-11-11,1138.2938232421875,Week2
690,45,2020-11-12,1162.291748046875,Week2
691,45,2020-11-13,1165.081298828125,Week2
692,45,2020-11-14,1159.651611328125,Week2
693,12,2020-11-08,5314.3837890625,Week2
694,12,2020-11-09,5549.20166015625,Week2
695,12,2020-11-10,5658.208984375,Week2
696,12,2020-11-11,5728.5478515625,Week2
697,12,2020-11-12,5706.1767578125,Week2
698,12,2020-11-13,5842.0888671875,Week2
699,12,2020-11-14,5871.587890625,Week2
700,15,2020-11-08,112.94178771972656,Week2
701,15,2020-11-09,109.46845245361328,Week2
702,15,2020-11-10,109.32478332519531,Week2
703,15,2020-11-11,111.88017272949219,Week2
704,15,2020-11-12,117.3697509765625,Week2
705,15,2020-11-13,118.86150360107422,Week2
706,15,2020-11-14,118.94426727294922,Week2
707,20,2020-11-08,1048.954345703125,Week2
708,20,2020-11-09,1005.9755859375,Week2
709,20,2020-11-10,1011.4200439453125,Week2
710,20,2020-11-11,1016.763427734375,Week2
711,20,2020-11-12,1015.9010620117188,Week2
712,20,2020-11-13,1005.1331787109375,Week2
713,20,2020-11-14,988.1600341796875,Week2
714,36,2020-11-15,6051.54833984375,Week3
715,36,2020-11-16,5779.58447265625,Week3
716,36,2020-11-17,5874.8759765625,Week3
717,36,2020-11-18,5977.09423828125,Week3
718,36,2020-11-19,6094.39697265625,Week3
719,36,2020-11-20,5946.80908203125,Week3
720,36,2020-11-21,5995.8515625,Week3
721,08,2020-11-15,1554.94091796875,Week3
722,08,2020-11-16,1529.1009521484375,Week3
723,08,2020-11-17,1542.0775146484375,Week3
724,08,2020-11-18,1524.21484375,Week3
725,08,2020-11-19,1514.3653564453125,Week3
726,08,2020-11-20,1515.17529296875,Week3
727,08,2020-11-21,1495.8504638671875,Week3
728,05,2020-11-15,1380.265625,Week3
729,05,2020-11-16,1365.780517578125,Week3
730,05,2020-11-17,1400.072021484375,Week3
731,05,2020-11-18,1417.5247802734375,Week3
732,05,2020-11-19,1465.2193603515625,Week3
733,05,2020-11-20,1488.588623046875,Week3
734,05,2020-11-21,1510.6522216796875,Week3
735,09,2020-11-15,1337.3397216796875,Week3
736,09,2020-11-16,1342.739990234375,Week3
737,09,2020-11-17,1379.208740234375,Week3
738,09,2020-11-18,1418.5989990234375,Week3
739,09,2020-11-19,1475.4093017578125,Week3
740,09,2020-11-20,1517.438232421875,Week3
741,09,2020-11-21,1560.824951171875,Week3
742,01,2020-11-15,1364.5811767578125,Week3
743,01,2020-11-16,1352.1658935546875,Week3
744,01,2020-11-17,1359.0130615234375,Week3
745,01,2020-11-18,1361.8243408203125,Week3
746,01,2020-11-19,1375.6961669921875,Week3
747,01,2020-11-20,1358.52099609375,Week3
748,01,2020-11-21,1324.7508544921875,Week3
749,22,2020-11-15,1185.852294921875,Week3
750,22,2020-11-16,1181.75146484375,Week3
751,22,2020-11-17,1197.9869384765625,Week3
752,22,2020-11-18,1228.4759521484375,Week3
753,22,2020-11-19,1276.0546875,Week3
754,22,2020-11-20,1299.5919189453125,Week3
755,22,2020-11-21,1316.1087646484375,Week3
756,10,2020-11-15,260.0411071777344,Week3
757,10,2020-11-16,261.41119384765625,Week3
758,10,2020-11-17,272.3264465332031,Week3
759,10,2020-11-18,277.4081115722656,Week3
760,10,2020-11-19,288.8467712402344,Week3
761,10,2020-11-20,298.0267639160156,Week3
762,10,2020-11-21,311.3299255371094,Week3
763,19,2020-11-15,2890.89990234375,Week3
764,19,2020-11-16,2834.363525390625,Week3
765,19,2020-11-17,2921.552001953125,Week3
766,19,2020-11-18,2985.85888671875,Week3
767,19,2020-11-19,3075.0751953125,Week3
768,19,2020-11-20,3158.7890625,Week3
769,19,2020-11-21,3338.546630859375,Week3
770,27,2020-11-15,2803.893310546875,Week3
771,27,2020-11-16,2799.474853515625,Week3
772,27,2020-11-17,2844.59033203125,Week3
773,27,2020-11-18,2926.388916015625,Week3
774,27,2020-11-19,3059.55126953125,Week3
775,27,2020-11-20,3188.14892578125,Week3
776,27,2020-11-21,3321.891845703125,Week3
777,37,2020-11-15,2316.543212890625,Week3
778,37,2020-11-16,2324.610107421875,Week3
779,37,2020-11-17,2341.078857421875,Week3
780,37,2020-11-18,2338.373291015625,Week3
781,37,2020-11-19,2328.273193359375,Week3
782,37,2020-11-20,2347.45751953125,Week3
783,37,2020-11-21,2362.49560546875,Week3
784,44,2020-11-15,666.51318359375,Week3
785,44,2020-11-16,662.4921264648438,Week3
786,44,2020-11-17,679.04150390625,Week3
787,44,2020-11-18,685.2814331054688,Week3
788,44,2020-11-19,707.1488647460938,Week3
789,44,2020-11-20,731.1589965820312,Week3
790,44,2020-11-21,764.4149780273438,Week3
791,16,2020-11-15,1429.302001953125,Week3
792,16,2020-11-16,1443.233642578125,Week3
793,16,2020-11-17,1483.84716796875,Week3
794,16,2020-11-18,1421.72412109375,Week3
795,16,2020-11-19,1443.5252685546875,Week3
796,16,2020-11-20,1495.8118896484375,Week3
797,16,2020-11-21,1685.75,Week3
798,34,2020-11-15,2399.27685546875,Week3
799,34,2020-11-16,2435.703125,Week3
800,34,2020-11-17,2498.794677734375,Week3
801,34,2020-11-18,2570.954345703125,Week3
802,34,2020-11-19,2627.11083984375,Week3
803,34,2020-11-20,2674.548828125,Week3
804,34,2020-11-21,2720.601318359375,Week3
805,06,2020-11-15,12091.6240234375,Week3
806,06,2020-11-16,11657.6767578125,Week3
807,06,2020-11-17,11928.1376953125,Week3
808,06,2020-11-18,11835.4697265625,Week3
809,06,2020-11-19,11830.0751953125,Week3
810,06,2020-11-20,11572.150390625,Week3
811,06,2020-11-21,11804.443359375,Week3
812,35,2020-11-15,720.9656372070312,Week3
813,35,2020-11-16,718.870361328125,Week3
814,35,2020-11-17,739.310546875,Week3
815,35,2020-11-18,778.3457641601562,Week3
816,35,2020-11-19,785.6612548828125,Week3
817,35,2020-11-20,801.93603515625,Week3
818,35,2020-11-21,818.0310668945312,Week3
819,41,2020-11-15,737.2615966796875,Week3
820,41,2020-11-16,722.497802734375,Week3
821,41,2020-11-17,731.9760131835938,Week3
822,41,2020-11-18,745.742431640625,Week3
823,41,2020-11-19,768.170654296875,Week3
824,41,2020-11-20,773.9765625,Week3
825,41,2020-11-21,771.349853515625,Week3
826,47,2020-11-15,2422.78125,Week3
827,47,2020-11-16,2449.5244140625,Week3
828,47,2020-11-17,2512.565185546875,Week3
829,47,2020-11-18,2584.933349609375,Week3
830,47,2020-11-19,2700.27294921875,Week3
831,47,2020-11-20,2805.526611328125,Week3
832,47,2020-11-21,2892.08935546875,Week3
833,48,2020-11-15,4341.0986328125,Week3
834,48,2020-11-16,4638.09619140625,Week3
835,48,2020-11-17,4729.8271484375,Week3
836,48,2020-11-18,4593.263671875,Week3
837,48,2020-11-19,4430.0546875,Week3
838,48,2020-11-20,4403.12744140625,Week3
839,48,2020-11-21,4458.34326171875,Week3
840,50,2020-11-15,69.51651000976562,Week3
841,50,2020-11-16,71.16329956054688,Week3
842,50,2020-11-17,81.47993469238281,Week3
843,50,2020-11-18,94.1338882446289,Week3
844,50,2020-11-19,101.26185607910156,Week3
845,50,2020-11-20,112.30901336669922,Week3
846,50,2020-11-21,117.40635681152344,Week3
847,40,2020-11-15,1280.5238037109375,Week3
848,40,2020-11-16,1259.1729736328125,Week3
849,40,2020-11-17,1274.12109375,Week3
850,40,2020-11-18,1289.8720703125,Week3
851,40,2020-11-19,1324.9580078125,Week3
852,40,2020-11-20,1319.2833251953125,Week3
853,40,2020-11-21,1310.109619140625,Week3
854,51,2020-11-15,1677.436767578125,Week3
855,51,2020-11-16,1676.011474609375,Week3
856,51,2020-11-17,1694.70849609375,Week3
857,51,2020-11-18,1719.8270263671875,Week3
858,51,2020-11-19,1743.25439453125,Week3
859,51,2020-11-20,1753.7615966796875,Week3
860,51,2020-11-21,1758.58544921875,Week3
861,55,2020-11-15,5999.50732421875,Week3
862,55,2020-11-16,5543.2744140625,Week3
863,55,2020-11-17,5222.0654296875,Week3
864,55,2020-11-18,4981.39013671875,Week3
865,55,2020-11-19,4962.1337890625,Week3
866,55,2020-11-20,5295.1796875,Week3
867,55,2020-11-21,5581.03076171875,Week3
868,25,2020-11-15,2326.117919921875,Week3
869,25,2020-11-16,2337.90673828125,Week3
870,25,2020-11-17,2398.460693359375,Week3
871,25,2020-11-18,2480.673095703125,Week3
872,25,2020-11-19,2553.2265625,Week3
873,25,2020-11-20,2596.898193359375,Week3
874,25,2020-11-21,2641.546875,Week3
875,29,2020-11-15,1819.1478271484375,Week3
876,29,2020-11-16,1815.01806640625,Week3
877,29,2020-11-17,1853.0130615234375,Week3
878,29,2020-11-18,1863.729248046875,Week3
879,29,2020-11-19,1876.5523681640625,Week3
880,29,2020-11-20,1873.19287109375,Week3
881,29,2020-11-21,1857.80078125,Week3
882,53,2020-11-15,1157.3883056640625,Week3
883,53,2020-11-16,1147.81884765625,Week3
884,53,2020-11-17,1166.024658203125,Week3
885,53,2020-11-18,1195.7630615234375,Week3
886,53,2020-11-19,1222.568603515625,Week3
887,53,2020-11-20,1230.065673828125,Week3
888,53,2020-11-21,1233.7730712890625,Week3
889,38,2020-11-15,877.3167724609375,Week3
890,38,2020-11-16,802.130126953125,Week3
891,38,2020-11-17,788.6812744140625,Week3
892,38,2020-11-18,770.3632202148438,Week3
893,38,2020-11-19,767.2627563476562,Week3
894,38,2020-11-20,754.414794921875,Week3
895,38,2020-11-21,806.6441650390625,Week3
896,17,2020-11-15,6835.22119140625,Week3
897,17,2020-11-16,6868.041015625,Week3
898,17,2020-11-17,6790.22021484375,Week3
899,17,2020-11-18,6765.5517578125,Week3
900,17,2020-11-19,6610.029296875,Week3
901,17,2020-11-20,6813.59375,Week3
902,17,2020-11-21,7142.3076171875,Week3
903,32,2020-11-15,791.676513671875,Week3
904,32,2020-11-16,759.0341186523438,Week3
905,32,2020-11-17,763.9673461914062,Week3
906,32,2020-11-18,769.4019775390625,Week3
907,32,2020-11-19,772.7806396484375,Week3
908,32,2020-11-20,751.3961791992188,Week3
909,32,2020-11-21,727.4542846679688,Week3
910,42,2020-11-15,2430.6513671875,Week3
911,42,2020-11-16,2466.5498046875,Week3
912,42,2020-11-17,2498.5537109375,Week3
913,42,2020-11-18,2514.432861328125,Week3
914,42,2020-11-19,2510.6298828125,Week3
915,42,2020-11-20,2535.649658203125,Week3
916,42,2020-11-21,2540.842041015625,Week3
917,26,2020-11-15,4063.468017578125,Week3
918,26,2020-11-16,4077.873291015625,Week3
919,26,2020-11-17,4116.5009765625,Week3
920,26,2020-11-18,4227.57080078125,Week3
921,26,2020-11-19,4365.1767578125,Week3
922,26,2020-11-20,4512.0625,Week3
923,26,2020-11-21,4633.9072265625,Week3
924,30,2020-11-15,1277.45849609375,Week3
925,30,2020-11-16,1197.78271484375,Week3
926,30,2020-11-17,1190.6295166015625,Week3
927,30,2020-11-18,1165.787353515625,Week3
928,30,2020-11-19,1173.1641845703125,Week3
929,30,2020-11-20,1154.72021484375,Week3
930,30,2020-11-21,1243.14111328125,Week3
931,21,2020-11-15,1773.931884765625,Week3
932,21,2020-11-16,1764.14306640625,Week3
933,21,2020-11-17,1802.8011474609375,Week3
934,21,2020-11-18,1824.92431640625,Week3
935,21,2020-11-19,1892.8204345703125,Week3
936,21,2020-11-20,1951.129150390625,Week3
937,21,2020-11-21,1988.134521484375,Week3
938,54,2020-11-15,807.8604125976562,Week3
939,54,2020-11-16,805.9168701171875,Week3
940,54,2020-11-17,831.2738647460938,Week3
941,54,2020-11-18,843.8079223632812,Week3
942,54,2020-11-19,883.5686645507812,Week3
943,54,2020-11-20,918.5390014648438,Week3
944,54,2020-11-21,948.3109130859375,Week3
945,04,2020-11-15,1706.50439453125,Week3
946,04,2020-11-16,1702.850341796875,Week3
947,04,2020-11-17,1718.9210205078125,Week3
948,04,2020-11-18,1727.53173828125,Week3
949,04,2020-11-19,1743.1336669921875,Week3
950,04,2020-11-20,1754.2015380859375,Week3
951,04,2020-11-21,1747.4669189453125,Week3
952,11,2020-11-15,58.3181266784668,Week3
953,11,2020-11-16,57.09328079223633,Week3
954,11,2020-11-17,58.94420623779297,Week3
955,11,2020-11-18,60.35203170776367,Week3
956,11,2020-11-19,61.58144760131836,Week3
957,11,2020-11-20,60.519683837890625,Week3
958,11,2020-11-21,56.76999282836914,Week3
959,23,2020-11-15,304.7474670410156,Week3
960,23,2020-11-16,306.41424560546875,Week3
961,23,2020-11-17,320.30621337890625,Week3
962,23,2020-11-18,329.8322448730469,Week3
963,23,2020-11-19,351.2613220214844,Week3
964,23,2020-11-20,370.1678161621094,Week3
965,23,2020-11-21,386.72186279296875,Week3
966,33,2020-11-15,368.937744140625,Week3
967,33,2020-11-16,369.5629577636719,Week3
968,33,2020-11-17,383.2650451660156,Week3
969,33,2020-11-18,393.8144226074219,Week3
970,33,2020-11-19,416.0714416503906,Week3
971,33,2020-11-20,434.991943359375,Week3
972,33,2020-11-21,450.982177734375,Week3
973,56,2020-11-15,637.8419189453125,Week3
974,56,2020-11-16,623.2758178710938,Week3
975,56,2020-11-17,628.4532470703125,Week3
976,56,2020-11-18,637.7041015625,Week3
977,56,2020-11-19,642.615234375,Week3
978,56,2020-11-20,626.4241333007812,Week3
979,56,2020-11-21,641.5919799804688,Week3
980,02,2020-11-15,800.817138671875,Week3
981,02,2020-11-16,734.8456420898438,Week3
982,02,2020-11-17,721.2198486328125,Week3
983,02,2020-11-18,681.4271850585938,Week3
984,02,2020-11-19,658.3154296875,Week3
985,02,2020-11-20,607.8760375976562,Week3
986,02,2020-11-21,602.52099609375,Week3
987,28,2020-11-15,1005.70947265625,Week3
988,28,2020-11-16,984.2830200195312,Week3
989,28,2020-11-17,999.40234375,Week3
990,28,2020-11-18,1014.5908203125,Week3
991,28,2020-11-19,1044.663818359375,Week3
992,28,2020-11-20,1044.6385498046875,Week3
993,28,2020-11-21,1044.294189453125,Week3
994,24,2020-11-15,1285.109619140625,Week3
995,24,2020-11-16,1280.9144287109375,Week3
996,24,2020-11-17,1311.9049072265625,Week3
997,24,2020-11-18,1341.9254150390625,Week3
998,24,2020-11-19,1368.9976806640625,Week3
999,24,2020-11-20,1387.5238037109375,Week3
1000,24,2020-11-21,1405.5921630859375,Week3
1001,46,2020-11-15,1036.3607177734375,Week3
1002,46,2020-11-16,947.9432373046875,Week3
1003,46,2020-11-17,926.1126708984375,Week3
1004,46,2020-11-18,904.8695068359375,Week3
1005,46,2020-11-19,905.8713989257812,Week3
1006,46,2020-11-20,899.1234741210938,Week3
1007,46,2020-11-21,958.7467651367188,Week3
1008,18,2020-11-15,2523.201904296875,Week3
1009,18,2020-11-16,2511.509765625,Week3
1010,18,2020-11-17,2553.28955078125,Week3
1011,18,2020-11-18,2612.733642578125,Week3
1012,18,2020-11-19,2684.75341796875,Week3
1013,18,2020-11-20,2760.65234375,Week3
1014,18,2020-11-21,2829.519775390625,Week3
1015,13,2020-11-15,2207.808837890625,Week3
1016,13,2020-11-16,2223.111083984375,Week3
1017,13,2020-11-17,2243.97900390625,Week3
1018,13,2020-11-18,2275.2099609375,Week3
1019,13,2020-11-19,2307.732177734375,Week3
1020,13,2020-11-20,2324.963623046875,Week3
1021,13,2020-11-21,2336.390380859375,Week3
1022,39,2020-11-15,3568.05859375,Week3
1023,39,2020-11-16,3620.357421875,Week3
1024,39,2020-11-17,3671.109130859375,Week3
1025,39,2020-11-18,3745.981689453125,Week3
1026,39,2020-11-19,3817.107177734375,Week3
1027,39,2020-11-20,3937.491943359375,Week3
1028,39,2020-11-21,4019.54638671875,Week3
1029,49,2020-11-15,1337.3419189453125,Week3
1030,49,2020-11-16,1307.6392822265625,Week3
1031,49,2020-11-17,1329.876708984375,Week3
1032,49,2020-11-18,1329.7357177734375,Week3
1033,49,2020-11-19,1325.88134765625,Week3
1034,49,2020-11-20,1332.024169921875,Week3
1035,49,2020-11-21,1352.9454345703125,Week3
1036,31,2020-11-15,1922.55224609375,Week3
1037,31,2020-11-16,1859.1337890625,Week3
1038,31,2020-11-17,1920.481689453125,Week3
1039,31,2020-11-18,1963.2823486328125,Week3
1040,31,2020-11-19,2015.707763671875,Week3
1041,31,2020-11-20,2021.989501953125,Week3
1042,31,2020-11-21,2112.583984375,Week3
1043,45,2020-11-15,1209.40283203125,Week3
1044,45,2020-11-16,1189.6356201171875,Week3
1045,45,2020-11-17,1192.4302978515625,Week3
1046,45,2020-11-18,1200.3992919921875,Week3
1047,45,2020-11-19,1220.1578369140625,Week3
1048,45,2020-11-20,1222.935546875,Week3
1049,45,2020-11-21,1212.53955078125,Week3
1050,12,2020-11-15,6245.2822265625,Week3
1051,12,2020-11-16,6418.84765625,Week3
1052,12,2020-11-17,6515.9599609375,Week3
1053,12,2020-11-18,6567.89013671875,Week3
1054,12,2020-11-19,6535.69970703125,Week3
1055,12,2020-11-20,6671.1064453125,Week3
1056,12,2020-11-21,6787.3984375,Week3
1057,15,2020-11-15,141.9427490234375,Week3
1058,15,2020-11-16,137.37973022460938,Week3
1059,15,2020-11-17,137.09092712402344,Week3
1060,15,2020-11-18,139.13455200195312,Week3
1061,15,2020-11-19,143.96897888183594,Week3
1062,15,2020-11-20,144.6543426513672,Week3
1063,15,2020-11-21,144.0334014892578,Week3
1064,20,2020-11-15,1102.248291015625,Week3
1065,20,2020-11-16,1083.6343994140625,Week3
1066,20,2020-11-17,1109.4293212890625,Week3
1067,20,2020-11-18,1113.75634765625,Week3
1068,20,2020-11-19,1115.05810546875,Week3
1069,20,2020-11-20,1116.60107421875,Week3
1070,20,2020-11-21,1127.1298828125,Week3
1071,36,2020-11-22,6993.76123046875,Week4
1072,36,2020-11-23,6561.01708984375,Week4
1073,36,2020-11-24,6642.6533203125,Week4
1074,36,2020-11-25,6649.8408203125,Week4
1075,36,2020-11-26,6680.1708984375,Week4
1076,36,2020-11-27,6376.283203125,Week4
1077,36,2020-11-28,6486.94091796875,Week4
1078,08,2020-11-22,1456.3345947265625,Week4
1079,08,2020-11-23,1422.274169921875,Week4
1080,08,2020-11-24,1436.5662841796875,Week4
1081,08,2020-11-25,1432.6458740234375,Week4
1082,08,2020-11-26,1414.4857177734375,Week4
1083,08,2020-11-27,1389.3499755859375,Week4
1084,08,2020-11-28,1365.00927734375,Week4
1085,05,2020-11-22,1605.0140380859375,Week4
1086,05,2020-11-23,1537.712646484375,Week4
1087,05,2020-11-24,1558.6097412109375,Week4
1088,05,2020-11-25,1520.4273681640625,Week4
1089,05,2020-11-26,1529.889892578125,Week4
1090,05,2020-11-27,1519.899658203125,Week4
1091,05,2020-11-28,1540.1536865234375,Week4
1092,09,2020-11-22,1809.6011962890625,Week4
1093,09,2020-11-23,1793.72216796875,Week4
1094,09,2020-11-24,1830.5399169921875,Week4
1095,09,2020-11-25,1874.0113525390625,Week4
1096,09,2020-11-26,1956.386474609375,Week4
1097,09,2020-11-27,2011.05908203125,Week4
1098,09,2020-11-28,2052.36865234375,Week4
1099,01,2020-11-22,1328.89697265625,Week4
1100,01,2020-11-23,1260.1217041015625,Week4
1101,01,2020-11-24,1250.3802490234375,Week4
1102,01,2020-11-25,1270.3994140625,Week4
1103,01,2020-11-26,1272.2003173828125,Week4
1104,01,2020-11-27,1232.12158203125,Week4
1105,01,2020-11-28,1178.57763671875,Week4
1106,22,2020-11-22,1384.7462158203125,Week4
1107,22,2020-11-23,1364.40185546875,Week4
1108,22,2020-11-24,1378.591796875,Week4
1109,22,2020-11-25,1398.158935546875,Week4
1110,22,2020-11-26,1432.73974609375,Week4
1111,22,2020-11-27,1440.0390625,Week4
1112,22,2020-11-28,1437.7315673828125,Week4
1113,10,2020-11-22,366.5453796386719,Week4
1114,10,2020-11-23,374.5134582519531,Week4
1115,10,2020-11-24,390.21923828125,Week4
1116,10,2020-11-25,405.55987548828125,Week4
1117,10,2020-11-26,414.0275573730469,Week4
1118,10,2020-11-27,425.3881530761719,Week4
1119,10,2020-11-28,446.21282958984375,Week4
1120,19,2020-11-22,3616.76806640625,Week4
1121,19,2020-11-23,3366.418701171875,Week4
1122,19,2020-11-24,3416.12060546875,Week4
1123,19,2020-11-25,3396.9931640625,Week4
1124,19,2020-11-26,3433.687744140625,Week4
1125,19,2020-11-27,3397.0869140625,Week4
1126,19,2020-11-28,3575.380615234375,Week4
1127,27,2020-11-22,3778.1806640625,Week4
1128,27,2020-11-23,3725.6298828125,Week4
1129,27,2020-11-24,3835.046630859375,Week4
1130,27,2020-11-25,3969.65771484375,Week4
1131,27,2020-11-26,4151.42578125,Week4
1132,27,2020-11-27,4271.68212890625,Week4
1133,27,2020-11-28,4384.41162109375,Week4
1134,37,2020-11-22,2384.33154296875,Week4
1135,37,2020-11-23,2404.70263671875,Week4
1136,37,2020-11-24,2426.195556640625,Week4
1137,37,2020-11-25,2426.315673828125,Week4
1138,37,2020-11-26,2420.355712890625,Week4
1139,37,2020-11-27,2443.073486328125,Week4
1140,37,2020-11-28,2452.35009765625,Week4
1141,44,2020-11-22,901.764404296875,Week4
1142,44,2020-11-23,871.580078125,Week4
1143,44,2020-11-24,877.3923950195312,Week4
1144,44,2020-11-25,873.0216674804688,Week4
1145,44,2020-11-26,890.3759155273438,Week4
1146,44,2020-11-27,894.3941650390625,Week4
1147,44,2020-11-28,908.04345703125,Week4
1148,16,2020-11-22,1969.46533203125,Week4
1149,16,2020-11-23,1732.386962890625,Week4
1150,16,2020-11-24,1660.553466796875,Week4
1151,16,2020-11-25,1577.52880859375,Week4
1152,16,2020-11-26,1604.9232177734375,Week4
1153,16,2020-11-27,1535.5975341796875,Week4
1154,16,2020-11-28,1490.0645751953125,Week4
1155,34,2020-11-22,2964.046142578125,Week4
1156,34,2020-11-23,2990.768310546875,Week4
1157,34,2020-11-24,3048.44287109375,Week4
1158,34,2020-11-25,3129.748291015625,Week4
1159,34,2020-11-26,3211.823486328125,Week4
1160,34,2020-11-27,3283.23388671875,Week4
1161,34,2020-11-28,3337.268798828125,Week4
1162,06,2020-11-22,14809.7314453125,Week4
1163,06,2020-11-23,13644.5419921875,Week4
1164,06,2020-11-24,13701.6259765625,Week4
1165,06,2020-11-25,13422.728515625,Week4
1166,06,2020-11-26,13467.2705078125,Week4
1167,06,2020-11-27,12848.8857421875,Week4
1168,06,2020-11-28,13076.6298828125,Week4
1169,35,2020-11-22,876.2815551757812,Week4
1170,35,2020-11-23,907.9443969726562,Week4
1171,35,2020-11-24,953.7103271484375,Week4
1172,35,2020-11-25,1037.6826171875,Week4
1173,35,2020-11-26,1044.57421875,Week4
1174,35,2020-11-27,1084.9559326171875,Week4
1175,35,2020-11-28,1113.5054931640625,Week4
1176,41,2020-11-22,817.2457885742188,Week4
1177,41,2020-11-23,797.12548828125,Week4
1178,41,2020-11-24,807.4330444335938,Week4
1179,41,2020-11-25,818.9100952148438,Week4
1180,41,2020-11-26,835.07470703125,Week4
1181,41,2020-11-27,835.0940551757812,Week4
1182,41,2020-11-28,824.9575805664062,Week4
1183,47,2020-11-22,2855.79638671875,Week4
1184,47,2020-11-23,2824.58544921875,Week4
1185,47,2020-11-24,2883.19091796875,Week4
1186,47,2020-11-25,2934.6376953125,Week4
1187,47,2020-11-26,3001.332763671875,Week4
1188,47,2020-11-27,2980.67578125,Week4
1189,47,2020-11-28,2928.28857421875,Week4
1190,48,2020-11-22,4502.7548828125,Week4
1191,48,2020-11-23,4735.5791015625,Week4
1192,48,2020-11-24,4822.63330078125,Week4
1193,48,2020-11-25,4741.81982421875,Week4
1194,48,2020-11-26,4630.89111328125,Week4
1195,48,2020-11-27,4615.802734375,Week4
1196,48,2020-11-28,4675.8623046875,Week4
1197,50,2020-11-22,129.3100128173828,Week4
1198,50,2020-11-23,134.82618713378906,Week4
1199,50,2020-11-24,145.7206268310547,Week4
1200,50,2020-11-25,156.6826171875,Week4
1201,50,2020-11-26,165.47630310058594,Week4
1202,50,2020-11-27,169.49407958984375,Week4
1203,50,2020-11-28,170.7819366455078,Week4
1204,40,2020-11-22,1304.5467529296875,Week4
1205,40,2020-11-23,1250.1864013671875,Week4
1206,40,2020-11-24,1253.9537353515625,Week4
1207,40,2020-11-25,1262.76708984375,Week4
1208,40,2020-11-26,1270.3035888671875,Week4
1209,40,2020-11-27,1237.0989990234375,Week4
1210,40,2020-11-28,1198.9619140625,Week4
1211,51,2020-11-22,1821.0574951171875,Week4
1212,51,2020-11-23,1821.2947998046875,Week4
1213,51,2020-11-24,1840.2880859375,Week4
1214,51,2020-11-25,1857.5389404296875,Week4
1215,51,2020-11-26,1871.727294921875,Week4
1216,51,2020-11-27,1877.9833984375,Week4
1217,51,2020-11-28,1883.0728759765625,Week4
1218,55,2020-11-22,5804.67578125,Week4
1219,55,2020-11-23,5435.97900390625,Week4
1220,55,2020-11-24,5273.08154296875,Week4
1221,55,2020-11-25,5208.34912109375,Week4
1222,55,2020-11-26,5179.30712890625,Week4
1223,55,2020-11-27,5363.66015625,Week4
1224,55,2020-11-28,5698.66259765625,Week4
1225,25,2020-11-22,2989.417724609375,Week4
1226,25,2020-11-23,2982.25439453125,Week4
1227,25,2020-11-24,3025.161865234375,Week4
1228,25,2020-11-25,3119.5166015625,Week4
1229,25,2020-11-26,3208.2265625,Week4
1230,25,2020-11-27,3260.390380859375,Week4
1231,25,2020-11-28,3326.188720703125,Week4
1232,29,2020-11-22,1868.8653564453125,Week4
1233,29,2020-11-23,1846.6162109375,Week4
1234,29,2020-11-24,1853.6798095703125,Week4
1235,29,2020-11-25,1827.503173828125,Week4
1236,29,2020-11-26,1806.9517822265625,Week4
1237,29,2020-11-27,1781.2008056640625,Week4
1238,29,2020-11-28,1745.65625,Week4
1239,53,2020-11-22,1326.0325927734375,Week4
1240,53,2020-11-23,1320.74658203125,Week4
1241,53,2020-11-24,1343.6895751953125,Week4
1242,53,2020-11-25,1372.4801025390625,Week4
1243,53,2020-11-26,1395.91015625,Week4
1244,53,2020-11-27,1404.804443359375,Week4
1245,53,2020-11-28,1411.8624267578125,Week4
1246,38,2020-11-22,851.8375854492188,Week4
1247,38,2020-11-23,774.9937744140625,Week4
1248,38,2020-11-24,762.91552734375,Week4
1249,38,2020-11-25,758.2545776367188,Week4
1250,38,2020-11-26,758.2869262695312,Week4
1251,38,2020-11-27,750.5120239257812,Week4
1252,38,2020-11-28,794.7352294921875,Week4
1253,17,2020-11-22,7753.98095703125,Week4
1254,17,2020-11-23,7835.67236328125,Week4
1255,17,2020-11-24,7617.2021484375,Week4
1256,17,2020-11-25,7335.67626953125,Week4
1257,17,2020-11-26,7077.41552734375,Week4
1258,17,2020-11-27,7474.8564453125,Week4
1259,17,2020-11-28,7949.31103515625,Week4
1260,32,2020-11-22,769.7219848632812,Week4
1261,32,2020-11-23,742.8076171875,Week4
1262,32,2020-11-24,748.2421875,Week4
1263,32,2020-11-25,760.4161987304688,Week4
1264,32,2020-11-26,752.5261840820312,Week4
1265,32,2020-11-27,741.6803588867188,Week4
1266,32,2020-11-28,743.6004028320312,Week4
1267,42,2020-11-22,2540.020263671875,Week4
1268,42,2020-11-23,2576.86328125,Week4
1269,42,2020-11-24,2605.735107421875,Week4
1270,42,2020-11-25,2618.0224609375,Week4
1271,42,2020-11-26,2613.5517578125,Week4
1272,42,2020-11-27,2642.0576171875,Week4
1273,42,2020-11-28,2650.10009765625,Week4
1274,26,2020-11-22,5100.61328125,Week4
1275,26,2020-11-23,5099.4658203125,Week4
1276,26,2020-11-24,5154.3818359375,Week4
1277,26,2020-11-25,5306.96826171875,Week4
1278,26,2020-11-26,5524.93115234375,Week4
1279,26,2020-11-27,5702.28125,Week4
1280,26,2020-11-28,5861.720703125,Week4
1281,30,2020-11-22,1286.8502197265625,Week4
1282,30,2020-11-23,1181.1282958984375,Week4
1283,30,2020-11-24,1153.645263671875,Week4
1284,30,2020-11-25,1121.0802001953125,Week4
1285,30,2020-11-26,1117.1392822265625,Week4
1286,30,2020-11-27,1097.2440185546875,Week4
1287,30,2020-11-28,1177.7408447265625,Week4
1288,21,2020-11-22,2070.656005859375,Week4
1289,21,2020-11-23,2024.1488037109375,Week4
1290,21,2020-11-24,2057.004150390625,Week4
1291,21,2020-11-25,2030.2069091796875,Week4
1292,21,2020-11-26,2052.47265625,Week4
1293,21,2020-11-27,2031.447265625,Week4
1294,21,2020-11-28,2023.1212158203125,Week4
1295,54,2020-11-22,1097.13232421875,Week4
1296,54,2020-11-23,1075.4365234375,Week4
1297,54,2020-11-24,1105.1453857421875,Week4
1298,54,2020-11-25,1092.104248046875,Week4
1299,54,2020-11-26,1115.15478515625,Week4
1300,54,2020-11-27,1159.5751953125,Week4
1301,54,2020-11-28,1257.5660400390625,Week4
1302,04,2020-11-22,1776.074951171875,Week4
1303,04,2020-11-23,1757.7740478515625,Week4
1304,04,2020-11-24,1766.549560546875,Week4
1305,04,2020-11-25,1761.2872314453125,Week4
1306,04,2020-11-26,1751.747314453125,Week4
1307,04,2020-11-27,1743.6673583984375,Week4
1308,04,2020-11-28,1730.93115234375,Week4
1309,11,2020-11-22,57.4484977722168,Week4
1310,11,2020-11-23,56.02840042114258,Week4
1311,11,2020-11-24,58.0506706237793,Week4
1312,11,2020-11-25,60.19943618774414,Week4
1313,11,2020-11-26,61.98112869262695,Week4
1314,11,2020-11-27,60.75261688232422,Week4
1315,11,2020-11-28,57.40645980834961,Week4
1316,23,2020-11-22,475.0085754394531,Week4
1317,23,2020-11-23,476.9075012207031,Week4
1318,23,2020-11-24,498.185302734375,Week4
1319,23,2020-11-25,513.5795288085938,Week4
1320,23,2020-11-26,546.2171630859375,Week4
1321,23,2020-11-27,572.785888671875,Week4
1322,23,2020-11-28,596.9982299804688,Week4
1323,33,2020-11-22,534.5936279296875,Week4
1324,33,2020-11-23,531.2080688476562,Week4
1325,33,2020-11-24,550.6697998046875,Week4
1326,33,2020-11-25,562.3483276367188,Week4
1327,33,2020-11-26,587.609619140625,Week4
1328,33,2020-11-27,606.7619018554688,Week4
1329,33,2020-11-28,627.6857299804688,Week4
1330,56,2020-11-22,706.3167724609375,Week4
1331,56,2020-11-23,657.0535278320312,Week4
1332,56,2020-11-24,640.2531127929688,Week4
1333,56,2020-11-25,606.94873046875,Week4
1334,56,2020-11-26,607.6958618164062,Week4
1335,56,2020-11-27,599.6949462890625,Week4
1336,56,2020-11-28,659.3668212890625,Week4
1337,02,2020-11-22,750.5004272460938,Week4
1338,02,2020-11-23,694.42138671875,Week4
1339,02,2020-11-24,675.7257690429688,Week4
1340,02,2020-11-25,661.3450927734375,Week4
1341,02,2020-11-26,669.6180419921875,Week4
1342,02,2020-11-27,681.7186889648438,Week4
1343,02,2020-11-28,743.6393432617188,Week4
1344,28,2020-11-22,1121.56201171875,Week4
1345,28,2020-11-23,1095.238525390625,Week4
1346,28,2020-11-24,1114.6251220703125,Week4
1347,28,2020-11-25,1124.9715576171875,Week4
1348,28,2020-11-26,1131.29736328125,Week4
1349,28,2020-11-27,1120.1514892578125,Week4
1350,28,2020-11-28,1112.4566650390625,Week4
1351,24,2020-11-22,1512.1385498046875,Week4
1352,24,2020-11-23,1507.575927734375,Week4
1353,24,2020-11-24,1543.161865234375,Week4
1354,24,2020-11-25,1572.9324951171875,Week4
1355,24,2020-11-26,1597.918701171875,Week4
1356,24,2020-11-27,1616.54150390625,Week4
1357,24,2020-11-28,1633.26220703125,Week4
1358,46,2020-11-22,1015.1447143554688,Week4
1359,46,2020-11-23,926.4788208007812,Week4
1360,46,2020-11-24,910.795654296875,Week4
1361,46,2020-11-25,900.566162109375,Week4
1362,46,2020-11-26,899.7677001953125,Week4
1363,46,2020-11-27,891.1320190429688,Week4
1364,46,2020-11-28,951.0379638671875,Week4
1365,18,2020-11-22,2946.489013671875,Week4
1366,18,2020-11-23,2958.153076171875,Week4
1367,18,2020-11-24,3056.2783203125,Week4
1368,18,2020-11-25,3121.860107421875,Week4
1369,18,2020-11-26,3206.537353515625,Week4
1370,18,2020-11-27,3237.66943359375,Week4
1371,18,2020-11-28,3261.01708984375,Week4
1372,13,2020-11-22,2377.13623046875,Week4
1373,13,2020-11-23,2389.0146484375,Week4
1374,13,2020-11-24,2407.391845703125,Week4
1375,13,2020-11-25,2425.30126953125,Week4
1376,13,2020-11-26,2443.02880859375,Week4
1377,13,2020-11-27,2452.800048828125,Week4
1378,13,2020-11-28,2460.736083984375,Week4
1379,39,2020-11-22,4109.9482421875,Week4
1380,39,2020-11-23,4153.8359375,Week4
1381,39,2020-11-24,4212.80029296875,Week4
1382,39,2020-11-25,4311.84033203125,Week4
1383,39,2020-11-26,4417.82568359375,Week4
1384,39,2020-11-27,4538.5556640625,Week4
1385,39,2020-11-28,4616.08056640625,Week4
1386,49,2020-11-22,1610.4940185546875,Week4
1387,49,2020-11-23,1584.085693359375,Week4
1388,49,2020-11-24,1624.1246337890625,Week4
1389,49,2020-11-25,1593.2105712890625,Week4
1390,49,2020-11-26,1645.8575439453125,Week4
1391,49,2020-11-27,1674.8929443359375,Week4
1392,49,2020-11-28,1770.126708984375,Week4
1393,31,2020-11-22,2224.318115234375,Week4
1394,31,2020-11-23,2066.457275390625,Week4
1395,31,2020-11-24,2038.6094970703125,Week4
1396,31,2020-11-25,1977.895263671875,Week4
1397,31,2020-11-26,1958.225341796875,Week4
1398,31,2020-11-27,1944.2965087890625,Week4
1399,31,2020-11-28,2106.0458984375,Week4
1400,45,2020-11-22,1245.4678955078125,Week4
1401,45,2020-11-23,1220.2540283203125,Week4
1402,45,2020-11-24,1221.470947265625,Week4
1403,45,2020-11-25,1223.7708740234375,Week4
1404,45,2020-11-26,1229.5400390625,Week4
1405,45,2020-11-27,1218.8974609375,Week4
1406,45,2020-11-28,1197.9910888671875,Week4
1407,12,2020-11-22,7221.12255859375,Week4
1408,12,2020-11-23,7307.06396484375,Week4
1409,12,2020-11-24,7357.5732421875,Week4
1410,12,2020-11-25,7449.5673828125,Week4
1411,12,2020-11-26,7449.84326171875,Week4
1412,12,2020-11-27,7601.845703125,Week4
1413,12,2020-11-28,7746.30908203125,Week4
1414,15,2020-11-22,167.7788543701172,Week4
1415,15,2020-11-23,161.58236694335938,Week4
1416,15,2020-11-24,160.8715362548828,Week4
1417,15,2020-11-25,161.89096069335938,Week4
1418,15,2020-11-26,165.8880157470703,Week4
1419,15,2020-11-27,166.15419006347656,Week4
1420,15,2020-11-28,165.2377471923828,Week4
1421,20,2020-11-22,1330.8629150390625,Week4
1422,20,2020-11-23,1317.291259765625,Week4
1423,20,2020-11-24,1362.5521240234375,Week4
1424,20,2020-11-25,1348.2061767578125,Week4
1425,20,2020-11-26,1379.0892333984375,Week4
1426,20,2020-11-27,1402.068603515625,Week4
1427,20,2020-11-28,1459.2177734375,Week4
